Frame Num.,KeyFrame?,App latency
0.0,1.0,81.7099609375
1.0,0.0,49.46728515625
2.0,0.0,23.00830078125
3.0,0.0,16.24951171875
4.0,0.0,16.68896484375
5.0,0.0,16.576171875
6.0,0.0,17.025390625
7.0,0.0,17.12255859375
8.0,0.0,16.59326171875
9.0,0.0,16.98681640625
10.0,0.0,16.9150390625
11.0,0.0,17.12890625
12.0,0.0,16.5029296875
13.0,0.0,17.693359375
14.0,0.0,16.8818359375
15.0,1.0,18.2109375
16.0,0.0,16.294921875
17.0,0.0,16.6826171875
18.0,0.0,16.94287109375
19.0,0.0,16.73681640625
20.0,0.0,15.244140625
21.0,0.0,15.25830078125
22.0,0.0,15.5830078125
23.0,0.0,16.56201171875
24.0,0.0,16.505859375
25.0,0.0,16.341796875
26.0,0.0,16.34423828125
27.0,0.0,16.10888671875
28.0,0.0,16.126953125
29.0,0.0,16.7568359375
30.0,1.0,18.9189453125
31.0,0.0,15.9404296875
32.0,0.0,15.27880859375
33.0,0.0,15.4384765625
34.0,0.0,15.73486328125
35.0,0.0,57.3671875
36.0,0.0,17.22021484375
37.0,0.0,16.552734375
38.0,0.0,16.1767578125
39.0,0.0,16.57275390625
40.0,0.0,16.82421875
41.0,0.0,17.07763671875
42.0,0.0,17.55126953125
43.0,0.0,16.90478515625
44.0,0.0,17.6884765625
45.0,1.0,21.67041015625
46.0,0.0,16.92431640625
47.0,0.0,17.74609375
48.0,0.0,17.61083984375
49.0,0.0,17.4189453125
50.0,0.0,16.24951171875
51.0,0.0,16.583984375
52.0,0.0,16.669921875
53.0,0.0,16.609375
54.0,0.0,16.6640625
55.0,0.0,16.01123046875
56.0,0.0,16.44677734375
57.0,0.0,15.693359375
58.0,0.0,15.07373046875
59.0,0.0,15.5732421875
60.0,1.0,20.62890625
61.0,0.0,17.20068359375
62.0,0.0,15.47265625
63.0,0.0,15.955078125
64.0,0.0,16.193359375
65.0,0.0,16.72119140625
66.0,0.0,17.03466796875
67.0,0.0,16.69287109375
68.0,0.0,17.013671875
69.0,0.0,16.64306640625
70.0,0.0,16.328125
71.0,0.0,56.65771484375
72.0,0.0,15.84765625
73.0,0.0,16.40283203125
74.0,0.0,15.53662109375
75.0,1.0,23.80224609375
76.0,0.0,16.9873046875
77.0,0.0,16.662109375
78.0,0.0,16.6044921875
79.0,0.0,16.47265625
80.0,0.0,16.4833984375
81.0,0.0,15.8837890625
82.0,0.0,15.30859375
83.0,0.0,15.42822265625
84.0,0.0,16.5439453125
85.0,0.0,16.72314453125
86.0,0.0,16.9091796875
87.0,0.0,16.4609375
88.0,0.0,16.60107421875
89.0,0.0,16.720703125
90.0,1.0,24.7666015625
91.0,0.0,17.6708984375
92.0,0.0,15.6630859375
93.0,0.0,16.390625
94.0,0.0,16.37255859375
95.0,0.0,16.80078125
96.0,0.0,16.51708984375
97.0,0.0,16.47900390625
98.0,0.0,16.4990234375
99.0,0.0,16.6748046875
100.0,0.0,17.5458984375
101.0,0.0,16.7607421875
102.0,0.0,16.40673828125
103.0,0.0,15.31201171875
104.0,0.0,16.833984375
105.0,1.0,27.14306640625
106.0,0.0,19.55078125
107.0,0.0,51.04736328125
108.0,0.0,16.8564453125
109.0,0.0,17.00830078125
110.0,0.0,16.53125
111.0,0.0,16.625
112.0,0.0,16.67578125
113.0,0.0,15.298828125
114.0,0.0,15.265625
115.0,0.0,15.759765625
116.0,0.0,16.9501953125
117.0,0.0,16.94970703125
118.0,0.0,16.53076171875
119.0,0.0,17.41943359375
120.0,1.0,28.75341796875
121.0,0.0,19.91796875
122.0,0.0,15.31591796875
123.0,0.0,16.18701171875
124.0,0.0,16.60107421875
125.0,0.0,16.61572265625
126.0,0.0,16.8837890625
127.0,0.0,15.64599609375
128.0,0.0,15.72021484375
129.0,0.0,16.43701171875
130.0,0.0,16.51171875
131.0,0.0,15.93408203125
132.0,0.0,16.31005859375
133.0,0.0,15.8984375
134.0,0.0,16.14111328125
135.0,1.0,28.8388671875
136.0,0.0,19.2158203125
137.0,0.0,15.60009765625
138.0,0.0,15.35791015625
139.0,0.0,15.2099609375
140.0,0.0,16.759765625
141.0,0.0,16.7041015625
142.0,0.0,16.67919921875
143.0,0.0,57.693359375
144.0,0.0,16.66796875
145.0,0.0,16.75439453125
146.0,0.0,16.158203125
147.0,0.0,16.54931640625
148.0,0.0,16.5380859375
149.0,0.0,16.5
150.0,1.0,29.619140625
151.0,0.0,17.52734375
152.0,0.0,16.75048828125
153.0,0.0,16.455078125
154.0,0.0,16.2734375
155.0,0.0,16.39501953125
156.0,0.0,16.3251953125
157.0,0.0,16.4951171875
158.0,0.0,16.78759765625
159.0,0.0,17.26025390625
160.0,0.0,17.0087890625
161.0,0.0,16.5810546875
162.0,0.0,16.404296875
163.0,0.0,16.7509765625
164.0,0.0,16.48486328125
165.0,1.0,38.11865234375
166.0,0.0,20.4921875
167.0,0.0,17.45458984375
168.0,0.0,15.42626953125
169.0,0.0,16.89599609375
170.0,0.0,15.41455078125
171.0,0.0,17.05224609375
172.0,0.0,16.83837890625
173.0,0.0,15.4013671875
174.0,0.0,16.94140625
175.0,0.0,16.09765625
176.0,0.0,15.3388671875
177.0,0.0,16.7236328125
178.0,0.0,16.53662109375
179.0,0.0,57.0048828125
180.0,1.0,32.14013671875
181.0,0.0,20.50244140625
182.0,0.0,16.958984375
183.0,0.0,16.58349609375
184.0,0.0,15.326171875
185.0,0.0,15.7490234375
186.0,0.0,16.2529296875
187.0,0.0,16.76123046875
188.0,0.0,16.47998046875
189.0,0.0,16.86279296875
190.0,0.0,17.091796875
191.0,0.0,15.78759765625
192.0,0.0,15.43017578125
193.0,0.0,16.572265625
194.0,0.0,15.533203125
195.0,1.0,36.42822265625
196.0,0.0,20.14794921875
197.0,0.0,18.615234375
198.0,0.0,16.7626953125
199.0,0.0,15.44287109375
200.0,0.0,15.26708984375
201.0,0.0,15.18115234375
202.0,0.0,15.41162109375
203.0,0.0,15.60400390625
204.0,0.0,15.51708984375
205.0,0.0,15.154296875
206.0,0.0,15.654296875
207.0,0.0,15.64306640625
208.0,0.0,15.6689453125
209.0,0.0,15.486328125
210.0,1.0,30.35693359375
211.0,0.0,16.67724609375
212.0,0.0,16.01904296875
213.0,0.0,15.1171875
214.0,0.0,15.279296875
215.0,0.0,54.13916015625
216.0,0.0,15.77587890625
217.0,0.0,15.1259765625
218.0,0.0,15.24609375
219.0,0.0,15.30517578125
220.0,0.0,15.12109375
221.0,0.0,15.29931640625
222.0,0.0,16.6201171875
223.0,0.0,16.24462890625
224.0,0.0,15.4169921875
225.0,1.0,38.80029296875
226.0,0.0,17.15771484375
227.0,0.0,16.6220703125
228.0,0.0,15.19189453125
229.0,0.0,15.26025390625
230.0,0.0,15.8720703125
231.0,0.0,15.38623046875
232.0,0.0,15.33837890625
233.0,0.0,15.0458984375
234.0,0.0,16.1025390625
235.0,0.0,15.38720703125
236.0,0.0,15.265625
237.0,0.0,15.6572265625
238.0,0.0,16.01318359375
239.0,0.0,15.32275390625
240.0,1.0,43.544921875
241.0,0.0,17.01513671875
242.0,0.0,16.4970703125
243.0,0.0,15.70361328125
244.0,0.0,15.748046875
245.0,0.0,15.15380859375
246.0,0.0,15.2998046875
247.0,0.0,15.61572265625
248.0,0.0,15.46826171875
249.0,0.0,15.32421875
250.0,0.0,16.98828125
251.0,0.0,54.09814453125
252.0,0.0,16.99609375
253.0,0.0,16.42822265625
254.0,0.0,17.60302734375
255.0,1.0,52.72314453125
256.0,0.0,22.919921875
257.0,0.0,18.13671875
258.0,0.0,16.4609375
259.0,0.0,16.4619140625
260.0,0.0,14.86181640625
261.0,0.0,15.2744140625
262.0,0.0,14.931640625
263.0,0.0,15.49609375
264.0,0.0,15.20068359375
265.0,0.0,15.40087890625
266.0,0.0,15.5078125
267.0,0.0,15.45703125
268.0,0.0,15.7626953125
269.0,0.0,15.7060546875
270.0,1.0,40.35546875
271.0,0.0,17.26220703125
272.0,0.0,16.94873046875
273.0,0.0,15.26416015625
274.0,0.0,15.478515625
275.0,0.0,16.14404296875
276.0,0.0,15.24462890625
277.0,0.0,16.31591796875
278.0,0.0,15.02392578125
279.0,0.0,15.32666015625
280.0,0.0,15.4521484375
281.0,0.0,15.23388671875
282.0,0.0,15.6083984375
283.0,0.0,15.4150390625
284.0,0.0,16.82861328125
285.0,1.0,49.25634765625
286.0,0.0,38.5615234375
287.0,0.0,52.97607421875
288.0,0.0,16.42431640625
289.0,0.0,17.10302734375
290.0,0.0,18.57763671875
291.0,0.0,15.28759765625
292.0,0.0,15.42578125
293.0,0.0,15.5302734375
294.0,0.0,15.7421875
295.0,0.0,15.8369140625
296.0,0.0,15.3134765625
297.0,0.0,15.23583984375
298.0,0.0,15.4228515625
299.0,0.0,15.30712890625
300.0,1.0,41.97314453125
301.0,0.0,17.18017578125
302.0,0.0,16.45751953125
303.0,0.0,15.23974609375
304.0,0.0,15.3671875
305.0,0.0,15.2060546875
306.0,0.0,15.06201171875
307.0,0.0,15.57958984375
308.0,0.0,15.33544921875
309.0,0.0,15.1171875
310.0,0.0,15.462890625
311.0,0.0,15.38134765625
312.0,0.0,15.40185546875
313.0,0.0,15.56884765625
314.0,0.0,15.3759765625
315.0,1.0,49.42822265625
316.0,0.0,16.9482421875
317.0,0.0,16.3095703125
318.0,0.0,15.208984375
319.0,0.0,15.31982421875
320.0,0.0,15.19189453125
321.0,0.0,15.43896484375
322.0,0.0,15.10107421875
323.0,0.0,53.23388671875
324.0,0.0,15.58984375
325.0,0.0,15.59619140625
326.0,0.0,15.18212890625
327.0,0.0,15.27685546875
328.0,0.0,16.84814453125
329.0,0.0,15.28125
330.0,1.0,42.796875
331.0,0.0,17.76513671875
332.0,0.0,17.18212890625
333.0,0.0,15.4873046875
334.0,0.0,16.9482421875
335.0,0.0,15.20068359375
336.0,0.0,15.33544921875
337.0,0.0,15.15771484375
338.0,0.0,15.45654296875
339.0,0.0,15.16357421875
340.0,0.0,16.59619140625
341.0,0.0,16.39599609375
342.0,0.0,15.140625
343.0,0.0,15.83837890625
344.0,0.0,15.3125
345.0,1.0,43.00439453125
346.0,0.0,16.54296875
347.0,0.0,20.10009765625
348.0,0.0,16.9912109375
349.0,0.0,17.0146484375
350.0,0.0,16.86474609375
351.0,0.0,16.74169921875
352.0,0.0,16.2109375
353.0,0.0,17.14404296875
354.0,0.0,16.73486328125
355.0,0.0,15.69384765625
356.0,0.0,15.42529296875
357.0,0.0,15.3330078125
358.0,0.0,15.74462890625
359.0,0.0,54.00830078125
360.0,1.0,43.67822265625
361.0,0.0,17.22705078125
362.0,0.0,16.6572265625
363.0,0.0,15.4580078125
364.0,0.0,14.98681640625
365.0,0.0,15.81884765625
366.0,0.0,15.8447265625
367.0,0.0,15.4140625
368.0,0.0,15.7099609375
369.0,0.0,15.9111328125
370.0,0.0,15.2890625
371.0,0.0,16.9462890625
372.0,0.0,16.03173828125
373.0,0.0,15.1845703125
374.0,0.0,15.44384765625
375.0,1.0,43.52001953125
376.0,0.0,16.96044921875
377.0,0.0,19.51708984375
378.0,0.0,16.734375
379.0,0.0,20.9462890625
380.0,0.0,16.78369140625
381.0,0.0,15.19287109375
382.0,0.0,15.236328125
383.0,0.0,15.5
384.0,0.0,15.0400390625
385.0,0.0,14.98779296875
386.0,0.0,15.26025390625
387.0,0.0,15.15625
388.0,0.0,15.123046875
389.0,0.0,15.63427734375
390.0,1.0,20.91162109375
391.0,0.0,16.09716796875
392.0,0.0,15.22607421875
393.0,0.0,15.33203125
394.0,0.0,15.302734375
395.0,0.0,53.90771484375
396.0,0.0,15.81103515625
397.0,0.0,15.31005859375
398.0,0.0,15.17919921875
399.0,0.0,15.09814453125
400.0,0.0,15.0927734375
401.0,0.0,14.96728515625
402.0,0.0,16.12890625
403.0,0.0,15.60400390625
404.0,0.0,15.34814453125
405.0,1.0,24.2041015625
406.0,0.0,18.9990234375
407.0,0.0,15.0625
408.0,0.0,15.3837890625
409.0,0.0,15.42529296875
410.0,0.0,15.216796875
411.0,0.0,15.14697265625
412.0,0.0,15.10400390625
413.0,0.0,15.38330078125
414.0,0.0,16.63427734375
415.0,0.0,15.1474609375
416.0,0.0,15.330078125
417.0,0.0,15.208984375
418.0,0.0,15.17919921875
419.0,0.0,14.837890625
420.0,1.0,21.31103515625
421.0,0.0,16.27490234375
422.0,0.0,15.28955078125
423.0,0.0,15.38818359375
424.0,0.0,15.099609375
425.0,0.0,15.23095703125
426.0,0.0,15.52294921875
427.0,0.0,15.40283203125
428.0,0.0,15.1953125
429.0,0.0,14.998046875
430.0,0.0,15.236328125
431.0,0.0,54.3408203125
432.0,0.0,15.05126953125
433.0,0.0,15.22314453125
434.0,0.0,15.4052734375
435.0,1.0,21.38623046875
436.0,0.0,16.35693359375
437.0,0.0,15.478515625
438.0,0.0,15.189453125
439.0,0.0,15.44482421875
440.0,0.0,15.4208984375
441.0,0.0,15.19921875
442.0,0.0,15.33349609375
443.0,0.0,15.064453125
444.0,0.0,15.06201171875
445.0,0.0,15.4619140625
446.0,0.0,15.17919921875
447.0,0.0,14.97607421875
448.0,0.0,14.9052734375
449.0,0.0,15.037109375
450.0,1.0,20.50146484375
451.0,0.0,17.44873046875
452.0,0.0,15.65087890625
453.0,0.0,15.03564453125
454.0,0.0,15.7451171875
455.0,0.0,15.30908203125
456.0,0.0,15.4853515625
457.0,0.0,15.53857421875
458.0,0.0,15.39697265625
459.0,0.0,15.31494140625
460.0,0.0,16.4453125
461.0,0.0,16.56591796875
462.0,0.0,15.2900390625
463.0,0.0,15.4443359375
464.0,0.0,15.68310546875
465.0,1.0,24.1318359375
466.0,0.0,16.349609375
467.0,0.0,53.5205078125
468.0,0.0,16.263671875
469.0,0.0,15.318359375
470.0,0.0,14.880859375
471.0,0.0,15.5361328125
472.0,0.0,15.14453125
473.0,0.0,15.19189453125
474.0,0.0,15.16015625
475.0,0.0,15.2197265625
476.0,0.0,15.033203125
477.0,0.0,15.71533203125
478.0,0.0,15.11279296875
479.0,0.0,15.212890625
480.0,1.0,21.9482421875
481.0,0.0,16.64697265625
482.0,0.0,15.19287109375
483.0,0.0,15.33984375
484.0,0.0,15.35888671875
485.0,0.0,15.10546875
486.0,0.0,14.97119140625
487.0,0.0,14.89794921875
488.0,0.0,15.740234375
489.0,0.0,17.2509765625
490.0,0.0,15.16162109375
491.0,0.0,15.44384765625
492.0,0.0,16.13818359375
493.0,0.0,15.384765625
494.0,0.0,15.10302734375
495.0,1.0,26.67724609375
496.0,0.0,16.48095703125
497.0,0.0,15.60791015625
498.0,0.0,15.48828125
499.0,0.0,15.16796875
500.0,0.0,15.68994140625
501.0,0.0,16.1494140625
502.0,0.0,16.5654296875
503.0,0.0,53.31396484375
504.0,0.0,15.0771484375
505.0,0.0,15.28466796875
506.0,0.0,15.2373046875
507.0,0.0,15.0615234375
508.0,0.0,15.62646484375
509.0,0.0,16.86962890625
510.0,1.0,21.38720703125
511.0,0.0,17.037109375
512.0,0.0,15.44970703125
513.0,0.0,15.21337890625
514.0,0.0,15.66796875
515.0,0.0,16.1376953125
516.0,0.0,15.5341796875
517.0,0.0,15.40087890625
518.0,0.0,16.29296875
519.0,0.0,16.17626953125
520.0,0.0,16.1806640625
521.0,0.0,15.55712890625
522.0,0.0,15.10693359375
523.0,0.0,16.8984375
524.0,0.0,15.3564453125
525.0,1.0,21.0634765625
526.0,0.0,16.35400390625
527.0,0.0,15.11572265625
528.0,0.0,15.83349609375
529.0,0.0,15.08203125
530.0,0.0,15.05224609375
531.0,0.0,15.08203125
532.0,0.0,14.96484375
533.0,0.0,14.93408203125
534.0,0.0,17.060546875
535.0,0.0,15.35400390625
536.0,0.0,15.31787109375
537.0,0.0,15.20654296875
538.0,0.0,15.22314453125
539.0,0.0,58.73583984375
540.0,1.0,21.0869140625
541.0,0.0,16.80126953125
542.0,0.0,14.98291015625
543.0,0.0,15.2900390625
544.0,0.0,15.671875
545.0,0.0,15.2890625
546.0,0.0,15.61669921875
547.0,0.0,15.34228515625
548.0,0.0,15.47802734375
549.0,0.0,15.6357421875
550.0,0.0,15.5869140625
551.0,0.0,15.64306640625
552.0,0.0,16.23095703125
553.0,0.0,15.39404296875
554.0,0.0,33.77978515625
555.0,1.0,53.6376953125
556.0,0.0,24.25
557.0,0.0,16.509765625
558.0,0.0,16.0380859375
559.0,0.0,14.94873046875
560.0,0.0,16.07080078125
561.0,0.0,15.27587890625
562.0,0.0,15.17236328125
563.0,0.0,15.24755859375
564.0,0.0,15.4765625
565.0,0.0,15.3486328125
566.0,0.0,15.33251953125
567.0,0.0,15.19287109375
568.0,0.0,15.2998046875
569.0,0.0,15.099609375
570.0,1.0,40.0849609375
571.0,0.0,16.59326171875
572.0,0.0,17.18505859375
573.0,0.0,15.60009765625
574.0,0.0,15.15673828125
575.0,0.0,54.0068359375
576.0,0.0,20.6298828125
577.0,0.0,15.93896484375
578.0,0.0,15.79833984375
579.0,0.0,15.4326171875
580.0,0.0,15.5966796875
581.0,0.0,15.1162109375
582.0,0.0,15.30126953125
583.0,0.0,16.59716796875
584.0,0.0,15.36962890625
585.0,1.0,41.80712890625
586.0,0.0,16.953125
587.0,0.0,17.021484375
588.0,0.0,15.8994140625
589.0,0.0,16.8818359375
590.0,0.0,16.76611328125
591.0,0.0,15.34326171875
592.0,0.0,15.359375
593.0,0.0,15.08935546875
594.0,0.0,15.17822265625
595.0,0.0,16.94921875
596.0,0.0,16.3779296875
597.0,0.0,15.18505859375
598.0,0.0,15.34423828125
599.0,0.0,15.423828125
600.0,1.0,40.076171875
601.0,0.0,20.21826171875
602.0,0.0,20.06591796875
603.0,0.0,16.640625
604.0,0.0,16.1865234375
605.0,0.0,15.56494140625
606.0,0.0,16.28271484375
607.0,0.0,15.595703125
608.0,0.0,17.8046875
609.0,0.0,15.7998046875
610.0,0.0,15.85302734375
611.0,0.0,54.14404296875
612.0,0.0,16.38037109375
613.0,0.0,16.59375
614.0,0.0,18.71728515625
615.0,1.0,52.30078125
616.0,0.0,16.87548828125
617.0,0.0,15.86083984375
618.0,0.0,15.64208984375
619.0,0.0,15.466796875
620.0,0.0,16.298828125
621.0,0.0,15.61328125
622.0,0.0,15.4599609375
623.0,0.0,15.63623046875
624.0,0.0,15.2109375
625.0,0.0,15.08447265625
626.0,0.0,15.39794921875
627.0,0.0,15.11474609375
628.0,0.0,15.42529296875
629.0,0.0,15.244140625
630.0,1.0,38.58203125
631.0,0.0,16.5029296875
632.0,0.0,16.91796875
633.0,0.0,15.1494140625
634.0,0.0,15.40771484375
635.0,0.0,15.591796875
636.0,0.0,15.25
637.0,0.0,15.68359375
638.0,0.0,15.3046875
639.0,0.0,15.56298828125
640.0,0.0,15.37060546875
641.0,0.0,15.255859375
642.0,0.0,15.294921875
643.0,0.0,15.1201171875
644.0,0.0,15.02197265625
645.0,1.0,37.70263671875
646.0,0.0,16.18994140625
647.0,0.0,55.18896484375
648.0,0.0,15.33349609375
649.0,0.0,15.4775390625
650.0,0.0,15.7353515625
651.0,0.0,15.50390625
652.0,0.0,15.4150390625
653.0,0.0,15.474609375
654.0,0.0,15.60400390625
655.0,0.0,15.65576171875
656.0,0.0,15.6943359375
657.0,0.0,15.49462890625
658.0,0.0,16.2685546875
659.0,0.0,15.43798828125
660.0,1.0,37.18701171875
661.0,0.0,16.75537109375
662.0,0.0,16.73388671875
663.0,0.0,15.36328125
664.0,0.0,17.44677734375
665.0,0.0,16.76513671875
666.0,0.0,16.5009765625
667.0,0.0,17.10888671875
668.0,0.0,16.8349609375
669.0,0.0,17.02587890625
670.0,0.0,15.78271484375
671.0,0.0,15.1318359375
672.0,0.0,15.60302734375
673.0,0.0,15.45703125
674.0,0.0,15.587890625
675.0,1.0,38.7734375
676.0,0.0,19.8359375
677.0,0.0,19.66015625
678.0,0.0,16.375
679.0,0.0,16.419921875
680.0,0.0,16.28759765625
681.0,0.0,16.53271484375
682.0,0.0,16.87890625
683.0,0.0,55.48583984375
684.0,0.0,15.5810546875
685.0,0.0,15.90185546875
686.0,0.0,15.5029296875
687.0,0.0,15.61572265625
688.0,0.0,15.67578125
689.0,0.0,15.9443359375
690.0,1.0,40.615234375
691.0,0.0,17.3056640625
692.0,0.0,16.99853515625
693.0,0.0,15.6376953125
694.0,0.0,15.779296875
695.0,0.0,15.60498046875
696.0,0.0,15.662109375
697.0,0.0,15.166015625
698.0,0.0,15.3125
699.0,0.0,15.48779296875
700.0,0.0,15.744140625
701.0,0.0,15.81982421875
702.0,0.0,15.783203125
703.0,0.0,16.01708984375
704.0,0.0,15.75537109375
705.0,1.0,39.970703125
706.0,0.0,16.54736328125
707.0,0.0,16.990234375
708.0,0.0,15.693359375
709.0,0.0,16.55224609375
710.0,0.0,15.53369140625
711.0,0.0,21.732421875
712.0,0.0,15.48486328125
713.0,0.0,16.541015625
714.0,0.0,16.23779296875
715.0,0.0,16.400390625
716.0,0.0,15.693359375
717.0,0.0,16.43212890625
718.0,0.0,15.43701171875
719.0,0.0,56.7861328125
720.0,1.0,40.16015625
721.0,0.0,17.6689453125
722.0,0.0,16.62646484375
723.0,0.0,15.44677734375
724.0,0.0,15.10205078125
725.0,0.0,15.31396484375
726.0,0.0,15.61181640625
727.0,0.0,15.39306640625
728.0,0.0,15.541015625
729.0,0.0,15.494140625
730.0,0.0,15.2998046875
731.0,0.0,15.30078125
732.0,0.0,15.46484375
733.0,0.0,15.98681640625
734.0,0.0,16.67919921875
735.0,1.0,41.3017578125
736.0,0.0,17.15625
737.0,0.0,16.81396484375
738.0,0.0,14.90380859375
739.0,0.0,15.39892578125
740.0,0.0,15.5126953125
741.0,0.0,15.72998046875
742.0,0.0,15.333984375
743.0,0.0,15.24755859375
744.0,0.0,15.82080078125
745.0,0.0,15.416015625
746.0,0.0,15.53759765625
747.0,0.0,15.40966796875
748.0,0.0,15.38623046875
749.0,0.0,15.162109375
750.0,1.0,39.31591796875
751.0,0.0,17.23486328125
752.0,0.0,17.0322265625
753.0,0.0,15.763671875
754.0,0.0,15.337890625
755.0,0.0,50.94677734375
756.0,0.0,15.59423828125
757.0,0.0,16.11181640625
758.0,0.0,15.31591796875
759.0,0.0,15.9501953125
760.0,0.0,15.59130859375
761.0,0.0,16.09716796875
762.0,0.0,15.341796875
763.0,0.0,15.6396484375
764.0,0.0,15.6171875
765.0,1.0,35.07470703125
766.0,0.0,16.8115234375
767.0,0.0,16.54296875
768.0,0.0,15.65234375
769.0,0.0,16.6376953125
770.0,0.0,16.65380859375
771.0,0.0,17.046875
772.0,0.0,15.65869140625
773.0,0.0,15.19921875
774.0,0.0,15.4990234375
775.0,0.0,15.7490234375
776.0,0.0,15.9287109375
777.0,0.0,15.60302734375
778.0,0.0,15.9765625
779.0,0.0,15.42822265625
780.0,1.0,30.298828125
781.0,0.0,16.49462890625
782.0,0.0,15.8984375
783.0,0.0,15.63037109375
784.0,0.0,15.3720703125
785.0,0.0,15.3740234375
786.0,0.0,16.23583984375
787.0,0.0,15.560546875
788.0,0.0,15.666015625
789.0,0.0,18.61376953125
790.0,0.0,15.46826171875
791.0,0.0,52.20947265625
792.0,0.0,15.818359375
793.0,0.0,15.63720703125
794.0,0.0,16.60205078125
795.0,1.0,33.419921875
796.0,0.0,16.90966796875
797.0,0.0,15.64794921875
798.0,0.0,15.7978515625
799.0,0.0,15.384765625
800.0,0.0,15.5830078125
801.0,0.0,15.19873046875
802.0,0.0,15.28271484375
803.0,0.0,15.28515625
804.0,0.0,15.36669921875
805.0,0.0,15.14501953125
806.0,0.0,33.9033203125
807.0,0.0,33.80517578125
808.0,0.0,33.67626953125
809.0,0.0,15.19384765625
810.0,1.0,32.94091796875
811.0,0.0,16.7880859375
812.0,0.0,16.55078125
813.0,0.0,15.19580078125
814.0,0.0,15.3203125
815.0,0.0,15.43603515625
816.0,0.0,15.32373046875
817.0,0.0,14.9228515625
818.0,0.0,15.458984375
819.0,0.0,15.82470703125
820.0,0.0,15.6220703125
821.0,0.0,15.33642578125
822.0,0.0,15.6015625
823.0,0.0,15.74169921875
824.0,0.0,15.6982421875
825.0,1.0,34.27294921875
826.0,0.0,17.546875
827.0,0.0,53.77587890625
828.0,0.0,15.189453125
829.0,0.0,15.12890625
830.0,0.0,15.49072265625
831.0,0.0,15.30126953125
832.0,0.0,15.02880859375
833.0,0.0,15.0419921875
834.0,0.0,15.19384765625
835.0,0.0,15.3935546875
836.0,0.0,14.93115234375
837.0,0.0,15.328125
838.0,0.0,15.19580078125
839.0,0.0,15.2978515625
840.0,1.0,32.77197265625
841.0,0.0,16.93115234375
842.0,0.0,16.85693359375
843.0,0.0,15.8828125
844.0,0.0,15.6923828125
845.0,0.0,15.22216796875
846.0,0.0,15.12939453125
847.0,0.0,15.30517578125
848.0,0.0,15.865234375
849.0,0.0,15.4638671875
850.0,0.0,15.583984375
851.0,0.0,15.2099609375
852.0,0.0,15.720703125
853.0,0.0,15.30859375
854.0,0.0,15.279296875
855.0,1.0,33.14501953125
856.0,0.0,19.73974609375
857.0,0.0,18.87060546875
858.0,0.0,16.580078125
859.0,0.0,16.32373046875
860.0,0.0,14.94287109375
861.0,0.0,15.16455078125
862.0,0.0,15.31591796875
863.0,0.0,53.4951171875
864.0,0.0,15.5791015625
865.0,0.0,15.6787109375
866.0,0.0,15.2841796875
867.0,0.0,15.34912109375
868.0,0.0,15.77978515625
869.0,0.0,15.244140625
870.0,1.0,33.3779296875
871.0,0.0,17.01025390625
872.0,0.0,15.30517578125
873.0,0.0,15.72509765625
874.0,0.0,15.3212890625
875.0,0.0,15.85302734375
876.0,0.0,15.21728515625
877.0,0.0,15.46484375
878.0,0.0,15.60498046875
879.0,0.0,15.43896484375
880.0,0.0,15.6806640625
881.0,0.0,15.76611328125
882.0,0.0,15.60693359375
883.0,0.0,15.42529296875
884.0,0.0,15.3876953125
885.0,1.0,33.37744140625
886.0,0.0,17.6240234375
887.0,0.0,18.80810546875
888.0,0.0,16.88916015625
889.0,0.0,17.18603515625
890.0,0.0,16.6650390625
891.0,0.0,16.638671875
892.0,0.0,15.6083984375
893.0,0.0,15.818359375
894.0,0.0,15.39013671875
895.0,0.0,15.51318359375
896.0,0.0,15.7109375
897.0,0.0,15.82666015625
898.0,0.0,15.7861328125
899.0,0.0,58.9931640625
900.0,1.0,36.43310546875
901.0,0.0,16.22314453125
902.0,0.0,16.60546875
903.0,0.0,15.62890625
904.0,0.0,17.0361328125
905.0,0.0,17.546875
906.0,0.0,16.94775390625
907.0,0.0,17.01416015625
908.0,0.0,17.13134765625
909.0,0.0,17.21484375
910.0,0.0,15.14306640625
911.0,0.0,15.55029296875
912.0,0.0,15.6650390625
913.0,0.0,15.43359375
914.0,0.0,15.85205078125
915.0,1.0,31.89501953125
916.0,0.0,17.17041015625
917.0,0.0,17.8896484375
918.0,0.0,16.583984375
919.0,0.0,15.55810546875
920.0,0.0,15.3935546875
921.0,0.0,15.32080078125
922.0,0.0,15.68603515625
923.0,0.0,15.21826171875
924.0,0.0,15.3369140625
925.0,0.0,15.6259765625
926.0,0.0,15.40478515625
927.0,0.0,14.9150390625
928.0,0.0,15.12646484375
929.0,0.0,15.703125
930.0,1.0,40.02734375
931.0,0.0,18.04931640625
932.0,0.0,15.31494140625
933.0,0.0,15.34765625
934.0,0.0,15.19677734375
935.0,0.0,55.66796875
936.0,0.0,15.7451171875
937.0,0.0,15.3916015625
938.0,0.0,15.8466796875
939.0,0.0,15.10986328125
940.0,0.0,15.19140625
941.0,0.0,15.54052734375
942.0,0.0,15.8564453125
943.0,0.0,15.39306640625
944.0,0.0,15.17041015625
945.0,1.0,31.22412109375
946.0,0.0,16.6640625
947.0,0.0,15.74169921875
948.0,0.0,15.2216796875
949.0,0.0,14.9619140625
950.0,0.0,15.234375
951.0,0.0,14.98876953125
952.0,0.0,15.63330078125
953.0,0.0,15.6240234375
954.0,0.0,15.82470703125
955.0,0.0,16.47802734375
956.0,0.0,16.25830078125
957.0,0.0,15.591796875
958.0,0.0,15.44677734375
959.0,0.0,15.40625
960.0,1.0,37.7158203125
961.0,0.0,16.7314453125
962.0,0.0,15.37890625
963.0,0.0,15.26708984375
964.0,0.0,15.60498046875
965.0,0.0,15.537109375
966.0,0.0,15.4462890625
967.0,0.0,15.6533203125
968.0,0.0,15.78564453125
969.0,0.0,15.208984375
970.0,0.0,15.14013671875
971.0,0.0,53.68896484375
972.0,0.0,15.57568359375
973.0,0.0,15.623046875
974.0,0.0,15.328125
975.0,1.0,29.93896484375
976.0,0.0,16.501953125
977.0,0.0,15.783203125
978.0,0.0,15.1005859375
979.0,0.0,15.37890625
980.0,0.0,16.548828125
981.0,0.0,16.9228515625
982.0,0.0,15.72998046875
983.0,0.0,15.03515625
984.0,0.0,14.97705078125
985.0,0.0,15.19775390625
986.0,0.0,15.23046875
987.0,0.0,15.54931640625
988.0,0.0,15.0517578125
989.0,0.0,16.28369140625
990.0,1.0,32.1298828125
991.0,0.0,16.92041015625
992.0,0.0,14.97314453125
993.0,0.0,14.87744140625
994.0,0.0,15.10498046875
995.0,0.0,15.08251953125
996.0,0.0,15.37841796875
997.0,0.0,15.16650390625
998.0,0.0,15.58935546875
999.0,0.0,15.55419921875
1000.0,0.0,15.13330078125
1001.0,0.0,15.181640625
1002.0,0.0,15.16552734375
1003.0,0.0,15.03955078125
1004.0,0.0,15.42333984375
1005.0,1.0,30.22021484375
1006.0,0.0,16.80615234375
1007.0,0.0,54.39892578125
1008.0,0.0,15.3408203125
1009.0,0.0,15.0380859375
1010.0,0.0,15.14208984375
1011.0,0.0,15.546875
1012.0,0.0,15.46826171875
1013.0,0.0,15.34423828125
1014.0,0.0,15.31005859375
1015.0,0.0,15.2001953125
1016.0,0.0,15.248046875
1017.0,0.0,15.9462890625
1018.0,0.0,16.76953125
1019.0,0.0,16.48095703125
1020.0,1.0,29.634765625
1021.0,0.0,16.60302734375
1022.0,0.0,15.75830078125
1023.0,0.0,15.44189453125
1024.0,0.0,15.494140625
1025.0,0.0,15.677734375
1026.0,0.0,15.4580078125
1027.0,0.0,15.599609375
1028.0,0.0,15.318359375
1029.0,0.0,15.2724609375
1030.0,0.0,15.8232421875
1031.0,0.0,15.6484375
1032.0,0.0,15.11376953125
1033.0,0.0,15.40234375
1034.0,0.0,15.27490234375
1035.0,1.0,28.5966796875
1036.0,0.0,16.8544921875
1037.0,0.0,15.8291015625
1038.0,0.0,14.9658203125
1039.0,0.0,15.39599609375
1040.0,0.0,15.68798828125
1041.0,0.0,15.56689453125
1042.0,0.0,15.61279296875
1043.0,0.0,53.59521484375
1044.0,0.0,15.23583984375
1045.0,0.0,15.27734375
1046.0,0.0,15.4716796875
1047.0,0.0,15.97021484375
1048.0,0.0,15.5712890625
1049.0,0.0,16.65283203125
1050.0,1.0,171.0537109375
1051.0,0.0,-1.0
1052.0,0.0,-1.0
1053.0,0.0,55.53076171875
1054.0,0.0,17.87353515625
1055.0,0.0,16.7978515625
1056.0,0.0,15.22705078125
1057.0,0.0,15.24951171875
1058.0,0.0,15.37548828125
1059.0,0.0,14.86865234375
1060.0,0.0,15.55859375
1061.0,0.0,15.4287109375
1062.0,0.0,15.57763671875
1063.0,0.0,15.4453125
1064.0,0.0,15.2490234375
1065.0,1.0,31.22802734375
1066.0,0.0,17.11669921875
1067.0,0.0,16.02490234375
1068.0,0.0,15.44140625
1069.0,0.0,15.59814453125
1070.0,0.0,15.49267578125
1071.0,0.0,15.2607421875
1072.0,0.0,15.078125
1073.0,0.0,15.6689453125
1074.0,0.0,15.38427734375
1075.0,0.0,15.365234375
1076.0,0.0,15.2783203125
1077.0,0.0,15.2607421875
1078.0,0.0,15.15576171875
1079.0,0.0,15.337890625
1080.0,1.0,29.390625
1081.0,0.0,50.70654296875
1082.0,0.0,15.50927734375
1083.0,0.0,15.15185546875
1084.0,0.0,15.16748046875
1085.0,0.0,15.201171875
1086.0,0.0,15.25537109375
1087.0,0.0,15.22314453125
1088.0,0.0,14.94580078125
1089.0,0.0,15.6162109375
1090.0,0.0,15.5859375
1091.0,0.0,15.22265625
1092.0,0.0,16.037109375
1093.0,0.0,16.12744140625
1094.0,0.0,15.1708984375
1095.0,1.0,28.8427734375
1096.0,0.0,16.47802734375
1097.0,0.0,15.048828125
1098.0,0.0,15.02685546875
1099.0,0.0,15.85693359375
1100.0,0.0,15.6923828125
1101.0,0.0,15.17529296875
1102.0,0.0,15.07275390625
1103.0,0.0,15.29638671875
1104.0,0.0,15.63427734375
1105.0,0.0,15.2431640625
1106.0,0.0,15.36279296875
1107.0,0.0,15.5439453125
1108.0,0.0,15.6298828125
1109.0,0.0,15.3916015625
1110.0,1.0,28.6015625
1111.0,0.0,16.56103515625
1112.0,0.0,15.05712890625
1113.0,0.0,15.68896484375
1114.0,0.0,15.02392578125
1115.0,0.0,14.876953125
1116.0,0.0,15.267578125
1117.0,0.0,55.462890625
1118.0,0.0,15.45166015625
1119.0,0.0,15.21484375
1120.0,0.0,15.27587890625
1121.0,0.0,15.10595703125
1122.0,0.0,16.31298828125
1123.0,0.0,15.876953125
1124.0,0.0,16.3779296875
1125.0,1.0,33.904296875
1126.0,0.0,16.4921875
1127.0,0.0,15.1611328125
1128.0,0.0,15.078125
1129.0,0.0,15.85107421875
1130.0,0.0,15.244140625
1131.0,0.0,14.97412109375
1132.0,0.0,15.2978515625
1133.0,0.0,14.97314453125
1134.0,0.0,15.23681640625
1135.0,0.0,15.31884765625
1136.0,0.0,14.955078125
1137.0,0.0,15.05224609375
1138.0,0.0,15.25244140625
1139.0,0.0,14.9130859375
1140.0,1.0,29.74365234375
1141.0,0.0,16.79296875
1142.0,0.0,15.57568359375
1143.0,0.0,15.251953125
1144.0,0.0,18.87890625
1145.0,0.0,15.447265625
1146.0,0.0,34.33544921875
1147.0,0.0,19.18896484375
1148.0,0.0,18.591796875
1149.0,0.0,16.34765625
1150.0,0.0,15.369140625
1151.0,0.0,15.185546875
1152.0,0.0,16.76904296875
1153.0,0.0,53.15234375
1154.0,0.0,15.67626953125
1155.0,1.0,42.39208984375
1156.0,0.0,16.89453125
1157.0,0.0,15.7333984375
1158.0,0.0,15.17431640625
1159.0,0.0,16.14453125
1160.0,0.0,15.63623046875
1161.0,0.0,15.84814453125
1162.0,0.0,15.7138671875
1163.0,0.0,15.32275390625
1164.0,0.0,15.3291015625
1165.0,0.0,15.50927734375
1166.0,0.0,15.583984375
1167.0,0.0,17.24560546875
1168.0,0.0,16.259765625
1169.0,0.0,16.828125
1170.0,1.0,46.96044921875
1171.0,0.0,17.541015625
1172.0,0.0,16.42333984375
1173.0,0.0,15.8125
1174.0,0.0,15.63330078125
1175.0,0.0,15.29150390625
1176.0,0.0,15.25341796875
1177.0,0.0,15.548828125
1178.0,0.0,16.5361328125
1179.0,0.0,16.7939453125
1180.0,0.0,16.33154296875
1181.0,0.0,15.66455078125
1182.0,0.0,15.4052734375
1183.0,0.0,15.42822265625
1184.0,0.0,17.3486328125
1185.0,1.0,36.8828125
1186.0,0.0,20.4404296875
1187.0,0.0,19.91943359375
1188.0,0.0,16.712890625
1189.0,0.0,52.29638671875
1190.0,0.0,16.3115234375
1191.0,0.0,16.8857421875
1192.0,0.0,16.53564453125
1193.0,0.0,15.3896484375
1194.0,0.0,15.39794921875
1195.0,0.0,15.5478515625
1196.0,0.0,15.4052734375
1197.0,0.0,15.572265625
1198.0,0.0,15.8291015625
1199.0,0.0,15.64404296875
1200.0,1.0,36.1552734375
1201.0,0.0,19.044921875
1202.0,0.0,17.65380859375
1203.0,0.0,16.52099609375
1204.0,0.0,15.40576171875
1205.0,0.0,15.431640625
1206.0,0.0,15.4375
1207.0,0.0,15.55615234375
1208.0,0.0,15.40185546875
1209.0,0.0,15.7548828125
1210.0,0.0,16.01611328125
1211.0,0.0,15.61669921875
1212.0,0.0,15.39990234375
1213.0,0.0,15.9130859375
1214.0,0.0,15.81201171875
1215.0,1.0,39.7373046875
1216.0,0.0,17.6044921875
1217.0,0.0,19.8486328125
1218.0,0.0,17.2626953125
1219.0,0.0,15.2626953125
1220.0,0.0,15.4609375
1221.0,0.0,15.24169921875
1222.0,0.0,15.7646484375
1223.0,0.0,15.76123046875
1224.0,0.0,15.92529296875
1225.0,0.0,52.482421875
1226.0,0.0,16.17333984375
1227.0,0.0,15.34521484375
1228.0,0.0,14.962890625
1229.0,0.0,17.12109375
1230.0,1.0,44.5263671875
1231.0,0.0,17.30859375
1232.0,0.0,15.93701171875
1233.0,0.0,16.76220703125
1234.0,0.0,15.64111328125
1235.0,0.0,16.62939453125
1236.0,0.0,16.705078125
1237.0,0.0,16.8388671875
1238.0,0.0,16.57666015625
1239.0,0.0,16.72900390625
1240.0,0.0,15.08642578125
1241.0,0.0,16.7763671875
1242.0,0.0,15.955078125
1243.0,0.0,15.55517578125
1244.0,0.0,15.49658203125
1245.0,1.0,35.939453125
1246.0,0.0,16.43603515625
1247.0,0.0,17.06982421875
1248.0,0.0,17.1279296875
1249.0,0.0,16.703125
1250.0,0.0,16.5009765625
1251.0,0.0,16.45166015625
1252.0,0.0,16.7958984375
1253.0,0.0,17.125
1254.0,0.0,16.84765625
1255.0,0.0,16.34033203125
1256.0,0.0,16.333984375
1257.0,0.0,16.10107421875
1258.0,0.0,15.166015625
1259.0,0.0,15.30224609375
1260.0,1.0,47.57275390625
1261.0,0.0,39.57177734375
1262.0,0.0,17.921875
1263.0,0.0,16.2724609375
1264.0,0.0,16.34423828125
1265.0,0.0,16.84912109375
1266.0,0.0,17.033203125
1267.0,0.0,15.61669921875
1268.0,0.0,14.91162109375
1269.0,0.0,15.447265625
1270.0,0.0,15.5126953125
1271.0,0.0,15.3662109375
1272.0,0.0,15.39892578125
1273.0,0.0,15.52685546875
1274.0,0.0,14.94140625
1275.0,1.0,39.77294921875
1276.0,0.0,17.48193359375
1277.0,0.0,16.93505859375
1278.0,0.0,15.841796875
1279.0,0.0,16.40380859375
1280.0,0.0,15.087890625
1281.0,0.0,15.9931640625
1282.0,0.0,15.21435546875
1283.0,0.0,16.080078125
1284.0,0.0,15.19580078125
1285.0,0.0,15.8291015625
1286.0,0.0,15.2490234375
1287.0,0.0,15.412109375
1288.0,0.0,15.662109375
1289.0,0.0,15.64208984375
1290.0,1.0,38.56005859375
1291.0,0.0,16.45849609375
1292.0,0.0,16.39208984375
1293.0,0.0,15.45703125
1294.0,0.0,15.27490234375
1295.0,0.0,15.1201171875
1296.0,0.0,15.58203125
1297.0,0.0,54.0341796875
1298.0,0.0,15.8193359375
1299.0,0.0,15.626953125
1300.0,0.0,15.5048828125
1301.0,0.0,15.65771484375
1302.0,0.0,15.9931640625
1303.0,0.0,15.39013671875
1304.0,0.0,17.0810546875
1305.0,1.0,45.5439453125
1306.0,0.0,21.24658203125
1307.0,0.0,17.31298828125
1308.0,0.0,15.84130859375
1309.0,0.0,15.6220703125
1310.0,0.0,16.0068359375
1311.0,0.0,15.31591796875
1312.0,0.0,15.46484375
1313.0,0.0,15.18603515625
1314.0,0.0,15.39013671875
1315.0,0.0,15.84912109375
1316.0,0.0,15.7021484375
1317.0,0.0,15.74365234375
1318.0,0.0,15.64892578125
1319.0,0.0,15.82666015625
1320.0,1.0,33.31982421875
1321.0,0.0,17.1484375
1322.0,0.0,18.71630859375
1323.0,0.0,17.27880859375
1324.0,0.0,17.126953125
1325.0,0.0,16.0078125
1326.0,0.0,15.9921875
1327.0,0.0,15.73876953125
1328.0,0.0,16.2138671875
1329.0,0.0,15.76513671875
1330.0,0.0,15.9521484375
1331.0,0.0,15.60302734375
1332.0,0.0,15.9619140625
1333.0,0.0,55.306640625
1334.0,0.0,15.84375
1335.0,1.0,35.74951171875
1336.0,0.0,17.23583984375
1337.0,0.0,17.4814453125
1338.0,0.0,15.423828125
1339.0,0.0,15.08984375
1340.0,0.0,15.3349609375
1341.0,0.0,15.7314453125
1342.0,0.0,16.2705078125
1343.0,0.0,15.45703125
1344.0,0.0,15.87109375
1345.0,0.0,15.169921875
1346.0,0.0,15.89599609375
1347.0,0.0,19.552734375
1348.0,0.0,16.84814453125
1349.0,0.0,15.5439453125
1350.0,1.0,20.798828125
1351.0,0.0,16.81396484375
1352.0,0.0,15.33984375
1353.0,0.0,16.5244140625
1354.0,0.0,15.38818359375
1355.0,0.0,15.68896484375
1356.0,0.0,15.80419921875
1357.0,0.0,15.689453125
1358.0,0.0,15.94921875
1359.0,0.0,15.7900390625
1360.0,0.0,15.40380859375
1361.0,0.0,15.41455078125
1362.0,0.0,15.34326171875
1363.0,0.0,15.03466796875
1364.0,0.0,15.19140625
1365.0,1.0,20.65478515625
1366.0,0.0,16.58203125
1367.0,0.0,15.22607421875
1368.0,0.0,15.32177734375
1369.0,0.0,53.8515625
1370.0,0.0,15.365234375
1371.0,0.0,15.02001953125
1372.0,0.0,15.431640625
1373.0,0.0,14.92431640625
1374.0,0.0,15.14013671875
1375.0,0.0,15.03515625
1376.0,0.0,15.10546875
1377.0,0.0,15.57275390625
1378.0,0.0,15.2177734375
1379.0,0.0,16.6142578125
1380.0,1.0,20.5859375
1381.0,0.0,17.0830078125
1382.0,0.0,15.09619140625
1383.0,0.0,14.85302734375
1384.0,0.0,14.91845703125
1385.0,0.0,15.30419921875
1386.0,0.0,15.373046875
1387.0,0.0,15.763671875
1388.0,0.0,16.3447265625
1389.0,0.0,16.73974609375
1390.0,0.0,17.166015625
1391.0,0.0,15.6337890625
1392.0,0.0,15.60302734375
1393.0,0.0,15.31005859375
1394.0,0.0,15.39013671875
1395.0,1.0,20.888671875
1396.0,0.0,17.267578125
1397.0,0.0,17.005859375
1398.0,0.0,15.31103515625
1399.0,0.0,15.33984375
1400.0,0.0,15.517578125
1401.0,0.0,15.833984375
1402.0,0.0,15.380859375
1403.0,0.0,15.640625
1404.0,0.0,15.73681640625
1405.0,0.0,52.31787109375
1406.0,0.0,15.6201171875
1407.0,0.0,15.95654296875
1408.0,0.0,15.662109375
1409.0,0.0,15.875
1410.0,1.0,22.83837890625
1411.0,0.0,16.791015625
1412.0,0.0,15.0732421875
1413.0,0.0,15.30419921875
1414.0,0.0,15.24072265625
1415.0,0.0,15.52001953125
1416.0,0.0,15.4013671875
1417.0,0.0,15.4873046875
1418.0,0.0,15.48046875
1419.0,0.0,15.5888671875
1420.0,0.0,15.45703125
1421.0,0.0,15.8740234375
1422.0,0.0,16.2158203125
1423.0,0.0,15.24755859375
1424.0,0.0,15.29052734375
1425.0,1.0,21.1435546875
1426.0,0.0,16.70751953125
1427.0,0.0,15.66259765625
1428.0,0.0,15.5263671875
1429.0,0.0,15.58154296875
1430.0,0.0,15.4794921875
1431.0,0.0,15.388671875
1432.0,0.0,14.98974609375
1433.0,0.0,15.77099609375
1434.0,0.0,16.21533203125
1435.0,0.0,15.19677734375
1436.0,0.0,14.93115234375
1437.0,0.0,15.4765625
1438.0,0.0,18.56982421875
1439.0,0.0,17.3349609375
